M,,m,,dim,,aug,,sus4,,sus2,,7,,m7,,M7,,m7b5,,7b5,,7sus4,,add9,,madd9,,mM7,,dim7,,69,,6,,m6,
0,60,0,60,0,60,0,60,0,60,0,60,0,60,0,60,0,60,0,60,0,60,0,60,0,60,0,60,0,60,0,60,0,60,0,60,0,60
0,61,0,61,0,61,0,61,0,61,0,61,0,61,0,61,0,61,0,61,0,61,0,61,0,61,0,61,0,61,0,61,0,61,0,61,0,61
0,62,0,62,0,62,0,62,0,62,0,62,0,62,0,62,0,62,0,63,0,62,0,62,0,62,0,62,0,62,0,62,0,62,0,62,0,62
0,63,0,62,0,62,0,63,0,63,0,63,0,63,0,62,0,63,0,62,0,63,0,63,0,63,0,62,0,62,0,62,0,63,0,63,0,62
0,64,0,63,0,63,0,64,0,65,0,62,0,64,0,63,0,64,0,63,0,64,0,65,0,64,0,63,0,63,0,63,0,64,0,64,0,63
0,65,0,65,0,65,0,66,0,65,0,65,0,65,0,65,0,65,0,65,0,64,0,65,0,65,0,65,0,65,0,65,0,65,0,65,0,65
0,66,0,66,0,65,0,67,0,66,0,66,0,66,0,66,0,66,0,65,0,65,0,66,0,66,0,66,0,66,0,65,0,66,0,66,0,66
0,67,0,67,0,66,0,68,0,67,0,67,0,67,0,67,0,67,0,66,0,66,0,67,0,67,0,67,0,67,0,66,0,67,0,67,0,67
0,68,0,69,0,68,0,69,0,68,0,68,0,68,0,69,0,68,0,69,0,68,0,68,0,68,0,69,0,69,0,68,0,68,0,68,0,68
0,69,0,70,0,69,0,70,0,69,0,69,0,69,0,70,0,69,0,70,0,69,0,69,0,69,0,70,0,71,0,69,0,69,0,69,0,69
0,70,0,70,0,69,0,70,0,70,0,70,0,70,0,70,0,67,0,70,0,70,0,70,0,70,0,70,0,71,0,69,0,70,0,70,0,70
0,71,0,71,0,71,0,71,0,71,0,71,0,70,0,70,0,71,0,70,0,70,0,70,0,71,0,71,0,71,0,71,0,71,0,71,0,71
0,72,0,72,0,72,0,72,0,72,0,72,0,72,0,72,0,72,0,72,0,72,0,72,0,72,0,72,0,72,0,72,0,72,0,72,0,72
1,60,1,60,1,60,1,60,1,60,1,60,1,60,1,60,1,60,1,60,1,60,1,60,1,60,1,60,1,60,1,60,1,60,1,60,1,60
1,61,1,61,1,61,1,61,1,61,1,61,1,61,1,61,1,61,1,61,1,61,1,61,1,61,1,61,1,61,1,61,1,61,1,61,1,61
1,62,1,62,1,62,1,62,1,62,1,62,1,62,1,62,1,62,1,63,1,62,1,62,1,62,1,62,1,62,1,62,1,62,1,62,1,62
1,63,1,62,1,62,1,63,1,63,1,63,1,63,1,62,1,63,1,62,1,63,1,63,1,63,1,62,1,62,1,62,1,63,1,63,1,62
1,64,1,63,1,63,1,64,1,65,1,62,1,64,1,63,1,64,1,63,1,64,1,65,1,64,1,63,1,63,1,63,1,64,1,64,1,63
1,65,1,65,1,65,1,66,1,65,1,65,1,65,1,65,1,65,1,65,1,64,1,65,1,65,1,65,1,65,1,65,1,65,1,65,1,65
1,66,1,66,1,65,1,67,1,66,1,66,1,66,1,66,1,66,1,65,1,65,1,66,1,66,1,66,1,66,1,65,1,66,1,66,1,66
1,67,1,67,1,66,1,68,1,67,1,67,1,67,1,67,1,67,1,66,1,66,1,67,1,67,1,67,1,67,1,66,1,67,1,67,1,67
1,68,1,69,1,68,1,69,1,68,1,68,1,68,1,69,1,68,1,69,1,68,1,68,1,68,1,69,1,69,1,68,1,68,1,68,1,68
1,69,1,70,1,69,1,70,1,69,1,69,1,69,1,69,1,69,1,70,1,69,1,69,1,69,1,69,1,69,1,69,1,69,1,69,1,69
1,72,1,72,1,72,1,72,1,72,1,72,1,70,1,70,1,71,1,70,1,70,1,70,1,72,1,72,1,71,1,72,1,72,1,72,1,72
1,72,1,72,1,71,1,72,1,72,1,72,1,71,1,71,1,71,1,71,1,71,1,71,1,72,1,72,1,71,1,72,1,72,1,72,1,72
1,72,1,72,1,72,1,72,1,72,1,72,1,72,1,72,1,72,1,72,1,72,1,72,1,72,1,72,1,72,1,72,1,72,1,72,1,72
2,60,2,60,2,60,2,60,2,60,2,60,2,58,2,58,2,59,2,58,2,58,2,58,2,62,2,62,2,59,2,57,2,62,2,57,2,57
2,61,2,62,2,62,2,62,2,64,2,61,2,61,2,62,2,61,2,62,2,62,2,64,2,61,2,61,2,62,2,62,2,61,2,61,2,62
2,62,2,63,2,63,2,64,2,65,2,62,2,62,2,63,2,62,2,63,2,64,2,65,2,62,2,62,2,63,2,63,2,62,2,62,2,63
2,63,2,62,2,62,2,63,2,64,2,61,2,63,2,62,2,63,2,62,2,63,2,64,2,63,2,62,2,62,2,62,2,63,2,63,2,62
2,64,2,63,2,63,2,64,2,65,2,62,2,64,2,63,2,64,2,63,2,64,2,65,2,64,2,63,2,63,2,63,2,64,2,64,2,63
2,65,2,63,2,63,2,64,2,65,2,65,2,64,2,63,2,64,2,63,2,64,2,65,2,62,2,62,2,63,2,63,2,64,2,64,2,63
2,66,2,66,2,65,2,67,2,66,2,66,2,66,2,66,2,66,2,65,2,65,2,66,2,66,2,66,2,66,2,65,2,66,2,66,2,66
2,67,2,67,2,66,2,68,2,67,2,67,2,67,2,67,2,67,2,66,2,66,2,67,2,67,2,67,2,67,2,66,2,69,2,67,2,67
2,68,2,66,2,65,2,67,2,66,2,66,2,69,2,69,2,70,2,69,2,65,2,66,2,66,2,66,2,66,2,65,2,69,2,69,2,67
2,69,2,67,2,66,2,68,2,67,2,67,2,70,2,70,2,71,2,70,2,66,2,67,2,67,2,67,2,67,2,66,2,69,2,69,2,69
2,70,2,67,2,66,2,68,2,67,2,67,2,70,2,70,2,71,2,70,2,70,2,70,2,74,2,74,2,71,2,66,2,69,2,69,2,69
2,71,2,72,2,72,2,72,2,72,2,72,2,70,2,70,2,71,2,70,2,70,2,70,2,72,2,72,2,71,2,72,2,72,2,72,2,72
2,72,2,72,2,72,2,72,2,72,2,72,2,70,2,70,2,71,2,70,2,70,2,70,2,74,2,74,2,71,2,69,2,74,2,69,2,69
3,60,3,60,3,60,3,60,3,60,3,60,3,60,3,60,3,59,3,60,3,60,3,60,3,60,3,60,3,60,3,60,3,60,3,60,3,60
3,61,3,61,3,61,3,61,3,61,3,61,3,61,3,61,3,60,3,61,3,61,3,61,3,61,3,61,3,61,3,61,3,61,3,61,3,61
3,62,3,62,3,60,3,62,3,62,3,62,3,62,3,62,3,62,3,60,3,60,3,62,3,62,3,62,3,62,3,60,3,62,3,62,3,62
3,63,3,63,3,63,3,63,3,63,3,63,3,63,3,63,3,63,3,63,3,63,3,63,3,63,3,63,3,63,3,63,3,63,3,63,3,63
3,64,3,63,3,63,3,64,3,65,3,62,3,64,3,63,3,64,3,63,3,64,3,65,3,64,3,63,3,63,3,63,3,64,3,64,3,63
3,65,3,65,3,65,3,65,3,65,3,65,3,65,3,65,3,65,3,65,3,65,3,65,3,65,3,65,3,65,3,65,3,65,3,65,3,65
3,66,3,66,3,66,3,66,3,66,3,66,3,66,3,66,3,66,3,66,3,66,3,66,3,66,3,66,3,66,3,66,3,66,3,66,3,66
3,67,3,67,3,66,3,68,3,67,3,67,3,67,3,67,3,67,3,66,3,66,3,65,3,67,3,67,3,67,3,66,3,69,3,67,3,67
3,68,3,68,3,68,3,68,3,68,3,68,3,68,3,68,3,68,3,68,3,68,3,68,3,68,3,68,3,68,3,68,3,68,3,68,3,68
3,69,3,69,3,69,3,68,3,69,3,69,3,70,3,70,3,71,3,66,3,66,3,70,3,67,3,67,3,71,3,69,3,69,3,69,3,69
3,70,3,70,3,71,3,70,3,71,3,71,3,70,3,70,3,70,3,70,3,70,3,70,3,71,3,70,3,70,3,71,3,69,3,70,3,70
3,71,3,72,3,72,3,72,3,72,3,72,3,70,3,72,3,71,3,70,3,70,3,72,3,72,3,72,3,72,3,72,3,70,3,71,3,71
3,72,3,72,3,72,3,72,3,72,3,72,3,72,3,72,3,71,3,72,3,72,3,72,3,72,3,72,3,72,3,72,3,72,3,72,3,72
4,60,4,60,4,60,4,60,4,60,4,60,4,60,4,60,4,60,4,60,4,60,4,60,4,60,4,60,4,60,4,60,4,60,4,60,4,60
4,61,4,62,4,62,4,62,4,64,4,64,4,61,4,62,4,61,4,62,4,62,4,64,4,61,4,61,4,62,4,62,4,61,4,61,4,62
4,62,4,63,4,63,4,64,4,65,4,65,4,62,4,63,4,62,4,63,4,64,4,65,4,62,4,62,4,63,4,63,4,62,4,62,4,63
4,63,4,62,4,62,4,63,4,64,4,63,4,63,4,62,4,63,4,62,4,63,4,64,4,63,4,62,4,62,4,62,4,63,4,63,4,62
4,64,4,63,4,63,4,64,4,65,4,62,4,64,4,63,4,64,4,63,4,64,4,65,4,64,4,63,4,63,4,63,4,62,4,64,4,63
4,65,4,63,4,63,4,64,4,65,4,65,4,64,4,63,4,64,4,63,4,64,4,65,4,62,4,62,4,63,4,63,4,64,4,64,4,63
4,66,4,66,4,65,4,67,4,66,4,66,4,66,4,66,4,66,4,65,4,65,4,66,4,66,4,66,4,66,4,65,4,66,4,66,4,66
4,67,4,67,4,66,4,68,4,67,4,67,4,70,4,70,4,71,4,66,4,66,4,70,4,74,4,74,4,71,4,69,4,69,4,69,4,69
4,68,4,66,4,65,4,67,4,66,4,66,4,69,4,69,4,70,4,69,4,65,4,66,4,66,4,66,4,66,4,65,4,69,4,69,4,67
4,69,4,67,4,66,4,68,4,67,4,67,4,70,4,70,4,71,4,70,4,66,4,67,4,67,4,67,4,67,4,66,4,69,4,69,4,69
4,70,4,67,4,66,4,68,4,67,4,67,4,70,4,70,4,71,4,70,4,70,4,70,4,74,4,74,4,71,4,66,4,69,4,69,4,69
4,71,4,72,4,72,4,72,4,72,4,72,4,70,4,70,4,71,4,70,4,70,4,70,4,72,4,72,4,71,4,72,4,72,4,72,4,72
4,72,4,72,4,72,4,72,4,72,4,72,4,72,4,72,4,72,4,72,4,72,4,72,4,72,4,72,4,72,4,72,4,72,4,72,4,72
5,60,5,60,5,60,5,60,5,60,5,60,5,60,5,60,5,60,5,60,5,60,5,60,5,60,5,60,5,60,5,60,5,60,5,60,5,60
5,61,5,62,5,62,5,62,5,64,5,64,5,61,5,62,5,61,5,62,5,62,5,64,5,61,5,61,5,62,5,62,5,61,5,61,5,62
5,62,5,63,5,63,5,64,5,65,5,65,5,62,5,63,5,62,5,63,5,64,5,65,5,62,5,62,5,63,5,63,5,62,5,62,5,63
5,63,5,62,5,62,5,63,5,64,5,64,5,63,5,62,5,63,5,62,5,63,5,64,5,63,5,62,5,62,5,62,5,63,5,63,5,62
5,64,5,63,5,63,5,64,5,65,5,62,5,64,5,63,5,64,5,63,5,64,5,65,5,64,5,63,5,63,5,63,5,62,5,64,5,63
5,67,5,67,5,66,5,68,5,67,5,67,5,67,5,67,5,67,5,66,5,66,5,67,5,67,5,67,5,67,5,66,5,69,5,69,5,69
5,66,5,66,5,65,5,67,5,66,5,66,5,66,5,66,5,66,5,65,5,65,5,66,5,66,5,66,5,66,5,65,5,66,5,66,5,66
5,67,5,67,5,66,5,68,5,67,5,67,5,70,5,70,5,71,5,66,5,66,5,70,5,74,5,74,5,71,5,69,5,69,5,69,5,69
5,68,5,66,5,65,5,67,5,66,5,66,5,69,5,69,5,70,5,69,5,65,5,66,5,66,5,66,5,66,5,65,5,69,5,69,5,67
5,69,5,67,5,66,5,68,5,67,5,67,5,70,5,70,5,71,5,70,5,66,5,67,5,67,5,67,5,67,5,66,5,69,5,69,5,69
5,70,5,67,5,66,5,68,5,67,5,67,5,70,5,70,5,71,5,70,5,70,5,70,5,74,5,74,5,71,5,66,5,69,5,69,5,69
5,71,5,72,5,72,5,72,5,72,5,72,5,70,5,70,5,71,5,70,5,70,5,70,5,72,5,72,5,71,5,72,5,72,5,72,5,72
5,72,5,72,5,72,5,72,5,72,5,72,5,72,5,72,5,72,5,72,5,72,5,72,5,72,5,72,5,72,5,72,5,72,5,72,5,72
6,60,6,60,6,60,6,60,6,60,6,60,6,60,6,60,6,60,6,60,6,60,6,60,6,60,6,60,6,60,6,60,6,60,6,60,6,60
6,61,6,62,6,62,6,62,6,64,6,64,6,61,6,62,6,61,6,62,6,62,6,64,6,61,6,61,6,62,6,62,6,61,6,61,6,62
6,62,6,63,6,63,6,64,6,65,6,65,6,62,6,63,6,62,6,63,6,64,6,65,6,62,6,62,6,63,6,63,6,62,6,62,6,63
6,63,6,62,6,62,6,63,6,64,6,64,6,63,6,62,6,63,6,62,6,63,6,64,6,63,6,62,6,62,6,62,6,63,6,63,6,62
6,64,6,63,6,63,6,64,6,65,6,62,6,64,6,63,6,64,6,63,6,64,6,65,6,64,6,63,6,63,6,63,6,64,6,64,6,63
6,65,6,63,6,63,6,64,6,65,6,65,6,64,6,63,6,64,6,63,6,64,6,65,6,62,6,62,6,63,6,63,6,64,6,64,6,63
6,66,6,66,6,65,6,67,6,66,6,66,6,66,6,66,6,66,6,65,6,65,6,66,6,66,6,66,6,66,6,65,6,66,6,66,6,66
6,67,6,67,6,66,6,68,6,67,6,67,6,67,6,67,6,67,6,66,6,66,6,67,6,67,6,67,6,67,6,66,6,69,6,67,6,67
6,68,6,66,6,65,6,67,6,66,6,66,6,69,6,69,6,70,6,69,6,65,6,66,6,66,6,66,6,66,6,65,6,69,6,69,6,67
6,69,6,67,6,66,6,68,6,67,6,67,6,70,6,70,6,71,6,70,6,66,6,67,6,67,6,67,6,67,6,66,6,69,6,69,6,69
6,72,6,72,6,72,6,72,6,72,6,72,6,70,6,70,6,71,6,70,6,70,6,70,6,74,6,74,6,71,6,69,6,74,6,69,6,69
6,72,6,72,6,72,6,72,6,72,6,72,6,71,6,71,6,71,6,71,6,71,6,71,6,72,6,72,6,71,6,72,6,72,6,72,6,72
6,72,6,72,6,72,6,72,6,72,6,72,6,72,6,72,6,72,6,72,6,72,6,72,6,72,6,72,6,72,6,72,6,72,6,72,6,72
7,60,7,60,7,60,7,60,7,60,7,60,7,58,7,58,7,59,7,58,7,58,7,58,7,62,7,62,7,59,7,57,7,62,7,57,7,57
7,61,7,61,7,62,7,62,7,64,7,64,7,61,7,62,7,61,7,62,7,62,7,64,7,61,7,61,7,62,7,62,7,61,7,61,7,62
7,62,7,62,7,63,7,64,7,65,7,65,7,62,7,63,7,62,7,63,7,64,7,65,7,62,7,62,7,63,7,63,7,62,7,62,7,63
7,64,7,63,7,63,7,64,7,65,7,62,7,64,7,63,7,64,7,63,7,64,7,64,7,64,7,63,7,63,7,63,7,64,7,64,7,63
7,64,7,64,7,63,7,64,7,65,7,62,7,64,7,63,7,64,7,63,7,64,7,65,7,64,7,63,7,63,7,63,7,64,7,64,7,63
7,65,7,65,7,63,7,64,7,65,7,65,7,64,7,63,7,64,7,63,7,64,7,65,7,62,7,62,7,63,7,63,7,64,7,64,7,63
7,66,7,66,7,65,7,67,7,66,7,66,7,66,7,66,7,66,7,65,7,65,7,66,7,66,7,66,7,66,7,65,7,66,7,66,7,66
7,67,7,67,7,66,7,68,7,67,7,67,7,67,7,67,7,67,7,66,7,66,7,67,7,67,7,67,7,67,7,66,7,69,7,67,7,67
7,69,7,68,7,69,7,68,7,67,7,67,7,67,7,68,7,71,7,68,7,66,7,67,7,66,7,67,7,67,7,66,7,69,7,69,7,67
7,69,7,69,7,66,7,68,7,67,7,67,7,70,7,70,7,71,7,70,7,66,7,67,7,67,7,67,7,67,7,66,7,69,7,69,7,69
7,70,7,70,7,66,7,68,7,67,7,67,7,70,7,70,7,71,7,70,7,70,7,70,7,74,7,74,7,71,7,66,7,69,7,69,7,69
7,71,7,71,7,72,7,72,7,72,7,72,7,70,7,70,7,71,7,70,7,70,7,70,7,72,7,72,7,71,7,72,7,72,7,72,7,72
7,72,7,72,7,72,7,72,7,72,7,72,7,70,7,70,7,71,7,70,7,70,7,70,7,74,7,74,7,71,7,69,7,74,7,69,7,69
8,60,8,60,8,60,8,60,8,60,8,60,8,60,8,60,8,60,8,60,8,60,8,60,8,60,8,60,8,60,8,60,8,60,8,60,8,60
8,61,8,61,8,61,8,61,8,61,8,61,8,61,8,61,8,61,8,61,8,61,8,61,8,61,8,61,8,61,8,61,8,61,8,61,8,61
8,62,8,62,8,62,8,62,8,62,8,62,8,62,8,62,8,62,8,63,8,62,8,62,8,62,8,62,8,62,8,62,8,62,8,62,8,62
8,63,8,63,8,63,8,63,8,63,8,63,8,63,8,63,8,63,8,63,8,63,8,63,8,63,8,63,8,63,8,63,8,63,8,63,8,63
8,64,8,63,8,63,8,64,8,65,8,62,8,64,8,63,8,64,8,63,8,64,8,65,8,64,8,63,8,63,8,63,8,64,8,64,8,63
8,65,8,65,8,65,8,66,8,65,8,65,8,65,8,65,8,65,8,65,8,64,8,65,8,65,8,65,8,65,8,65,8,65,8,65,8,65
8,66,8,66,8,65,8,67,8,66,8,66,8,66,8,66,8,66,8,65,8,65,8,66,8,66,8,66,8,66,8,65,8,66,8,66,8,66
8,67,8,67,8,66,8,68,8,67,8,67,8,67,8,67,8,67,8,66,8,66,8,67,8,67,8,67,8,67,8,66,8,67,8,67,8,67
8,68,8,69,8,68,8,69,8,68,8,68,8,68,8,69,8,68,8,69,8,68,8,68,8,68,8,69,8,69,8,68,8,68,8,68,8,68
8,69,8,70,8,69,8,70,8,69,8,69,8,69,8,70,8,69,8,70,8,69,8,69,8,69,8,70,8,71,8,69,8,69,8,69,8,69
8,70,8,70,8,69,8,70,8,70,8,70,8,70,8,70,8,67,8,70,8,70,8,70,8,70,8,70,8,71,8,69,8,70,8,70,8,70
8,71,8,71,8,71,8,71,8,71,8,71,8,70,8,70,8,71,8,70,8,70,8,70,8,71,8,71,8,71,8,71,8,71,8,71,8,71
8,72,8,72,8,72,8,72,8,72,8,72,8,72,8,72,8,72,8,72,8,72,8,72,8,72,8,72,8,72,8,72,8,72,8,72,8,72
9,60,9,60,9,60,9,60,9,60,9,60,9,60,9,60,9,60,9,60,9,60,9,60,9,60,9,60,9,60,9,60,9,60,9,60,9,60
9,61,9,61,9,62,9,62,9,64,9,64,9,61,9,62,9,61,9,62,9,62,9,64,9,61,9,61,9,62,9,62,9,61,9,61,9,62
9,62,9,62,9,63,9,64,9,65,9,65,9,62,9,63,9,62,9,63,9,64,9,65,9,62,9,62,9,63,9,63,9,62,9,62,9,63
9,64,9,63,9,63,9,64,9,64,9,62,9,64,9,63,9,64,9,63,9,64,9,64,9,64,9,63,9,63,9,63,9,64,9,64,9,63
9,64,9,64,9,63,9,64,9,65,9,62,9,64,9,63,9,64,9,63,9,64,9,65,9,64,9,63,9,63,9,63,9,64,9,64,9,63
9,65,9,65,9,63,9,64,9,65,9,65,9,64,9,63,9,64,9,63,9,64,9,65,9,62,9,62,9,63,9,63,9,64,9,64,9,63
9,66,9,66,9,65,9,67,9,66,9,66,9,66,9,66,9,66,9,65,9,65,9,66,9,66,9,66,9,66,9,65,9,66,9,66,9,66
9,67,9,67,9,66,9,68,9,67,9,67,9,67,9,67,9,67,9,66,9,66,9,67,9,67,9,67,9,67,9,66,9,69,9,67,9,69
9,69,9,68,9,69,9,68,9,67,9,67,9,67,9,68,9,71,9,68,9,66,9,67,9,66,9,67,9,67,9,66,9,69,9,69,9,67
9,69,9,69,9,66,9,68,9,67,9,67,9,70,9,70,9,71,9,70,9,66,9,67,9,67,9,67,9,67,9,66,9,69,9,69,9,69
9,70,9,70,9,66,9,68,9,67,9,67,9,70,9,70,9,71,9,70,9,70,9,70,9,74,9,74,9,71,9,66,9,69,9,69,9,69
9,71,9,71,9,72,9,72,9,72,9,72,9,70,9,70,9,71,9,70,9,70,9,70,9,72,9,72,9,71,9,72,9,72,9,72,9,72
9,72,9,72,9,72,9,72,9,72,9,72,9,72,9,72,9,72,9,72,9,72,9,72,9,72,9,72,9,72,9,72,9,72,9,72,9,72
10,60,10,60,10,60,10,60,10,60,10,60,10,60,10,60,10,60,10,60,10,60,10,60,10,60,10,60,10,60,10,60,10,60,10,60,10,60
10,61,10,61,10,61,10,61,10,61,10,61,10,61,10,61,10,61,10,61,10,61,10,61,10,61,10,61,10,61,10,61,10,61,10,61,10,61
10,62,10,63,10,63,10,62,10,62,10,62,10,62,10,63,10,62,10,63,10,62,10,62,10,62,10,63,10,63,10,63,10,62,10,62,10,63
10,63,10,63,10,63,10,63,10,63,10,63,10,63,10,63,10,63,10,63,10,63,10,63,10,63,10,63,10,63,10,63,10,63,10,63,10,63
10,64,10,65,10,65,10,64,10,65,10,62,10,64,10,65,10,64,10,65,10,64,10,65,10,64,10,65,10,65,10,65,10,64,10,64,10,65
10,65,10,65,10,65,10,65,10,65,10,65,10,65,10,65,10,65,10,65,10,65,10,65,10,65,10,65,10,65,10,65,10,65,10,65,10,65
10,66,10,66,10,66,10,66,10,66,10,66,10,66,10,66,10,66,10,66,10,66,10,66,10,66,10,66,10,66,10,66,10,66,10,66,10,66
10,67,10,67,10,66,10,66,10,67,10,67,10,67,10,67,10,67,10,66,10,66,10,67,10,67,10,67,10,67,10,66,10,67,10,67,10,67
10,68,10,68,10,68,10,68,10,68,10,68,10,68,10,68,10,68,10,68,10,68,10,68,10,68,10,68,10,68,10,68,10,68,10,68,10,68
10,69,10,70,10,69,10,68,10,69,10,69,10,69,10,70,10,69,10,70,10,70,10,69,10,69,10,70,10,71,10,69,10,69,10,69,10,70
10,70,10,70,10,70,10,70,10,70,10,70,10,70,10,70,10,70,10,70,10,70,10,70,10,70,10,70,10,70,10,70,10,70,10,70,10,70
10,71,10,72,10,72,10,72,10,72,10,72,10,72,10,72,10,71,10,72,10,72,10,72,10,71,10,72,10,72,10,72,10,71,10,71,10,72
10,72,10,72,10,72,10,72,10,72,10,72,10,72,10,72,10,72,10,72,10,72,10,72,10,72,10,72,10,72,10,72,10,72,10,72,10,72
11,60,11,60,11,60,11,60,11,60,11,60,11,60,11,60,11,60,11,60,11,60,11,60,11,60,11,60,11,60,11,60,11,60,11,60,11,60
11,61,11,61,11,61,11,61,11,61,11,61,11,61,11,61,11,61,11,61,11,61,11,61,11,61,11,61,11,61,11,61,11,61,11,61,11,61
11,62,11,62,11,62,11,62,11,62,11,62,11,62,11,62,11,62,11,62,11,62,11,62,11,62,11,62,11,62,11,62,11,62,11,62,11,62
11,63,11,63,11,63,11,63,11,63,11,63,11,63,11,63,11,63,11,63,11,63,11,63,11,63,11,63,11,63,11,63,11,63,11,63,11,63
11,64,11,63,11,63,11,64,11,64,11,64,11,64,11,63,11,64,11,63,11,64,11,64,11,64,11,63,11,63,11,63,11,64,11,64,11,63
11,65,11,65,11,65,11,65,11,65,11,65,11,65,11,65,11,65,11,65,11,65,11,65,11,65,11,65,11,65,11,65,11,65,11,65,11,65
11,66,11,66,11,66,11,66,11,66,11,66,11,66,11,66,11,66,11,66,11,66,11,66,11,66,11,66,11,66,11,66,11,66,11,66,11,66
11,67,11,67,11,67,11,67,11,67,11,67,11,67,11,67,11,67,11,67,11,67,11,67,11,67,11,67,11,67,11,67,11,67,11,67,11,67
11,68,11,68,11,68,11,68,11,68,11,68,11,68,11,68,11,68,11,68,11,68,11,68,11,68,11,68,11,68,11,68,11,68,11,68,11,68
11,69,11,68,11,68,11,69,11,69,11,69,11,69,11,68,11,69,11,68,11,69,11,69,11,69,11,68,11,68,11,68,11,69,11,69,11,68
11,70,11,70,11,70,11,70,11,70,11,70,11,70,11,70,11,70,11,70,11,70,11,70,11,70,11,70,11,70,11,70,11,70,11,70,11,70
11,71,11,70,11,70,11,71,11,71,11,71,11,71,11,70,11,71,11,70,11,71,11,71,11,71,11,70,11,70,11,70,11,71,11,71,11,70
11,72,11,72,11,72,11,72,11,72,11,72,11,72,11,72,11,72,11,72,11,72,11,72,11,72,11,72,11,72,11,72,11,72,11,72,11,72
12,60,12,60,12,60,12,60,12,60,12,60,12,60,12,60,12,60,12,60,12,60,12,60,12,60,12,60,12,60,12,60,12,60,12,60,12,60
12,61,12,61,12,61,12,61,12,61,12,61,12,61,12,61,12,61,12,61,12,61,12,61,12,61,12,61,12,61,12,61,12,61,12,61,12,61
12,62,12,62,12,62,12,62,12,62,12,62,12,62,12,62,12,62,12,62,12,62,12,62,12,62,12,62,12,62,12,62,12,62,12,62,12,62
12,63,12,63,12,63,12,63,12,63,12,63,12,63,12,63,12,63,12,63,12,63,12,63,12,63,12,63,12,63,12,63,12,63,12,63,12,63
12,64,12,63,12,63,12,64,12,64,12,64,12,64,12,63,12,64,12,63,12,64,12,64,12,64,12,63,12,63,12,63,12,64,12,64,12,63
12,65,12,65,12,65,12,65,12,65,12,65,12,65,12,65,12,65,12,65,12,65,12,65,12,65,12,65,12,65,12,65,12,65,12,65,12,65
12,66,12,66,12,66,12,66,12,66,12,66,12,66,12,66,12,66,12,66,12,66,12,66,12,66,12,66,12,66,12,66,12,66,12,66,12,66
12,67,12,67,12,67,12,67,12,67,12,67,12,67,12,67,12,67,12,67,12,67,12,67,12,67,12,67,12,67,12,67,12,67,12,67,12,67
12,68,12,68,12,68,12,68,12,68,12,68,12,68,12,68,12,68,12,68,12,68,12,68,12,68,12,68,12,68,12,68,12,68,12,68,12,68
12,69,12,69,12,69,12,69,12,69,12,69,12,69,12,69,12,69,12,69,12,69,12,69,12,69,12,69,12,69,12,69,12,69,12,69,12,69
12,70,12,70,12,70,12,70,12,70,12,70,12,70,12,70,12,70,12,70,12,70,12,70,12,70,12,70,12,70,12,70,12,70,12,70,12,70
12,71,12,71,12,71,12,71,12,71,12,71,12,71,12,71,12,71,12,71,12,71,12,71,12,71,12,71,12,71,12,71,12,71,12,71,12,71
12,72,12,72,12,72,12,72,12,72,12,72,12,72,12,72,12,72,12,72,12,72,12,72,12,72,12,72,12,72,12,72,12,72,12,72,12,72
13,60,13,60,13,60,13,60,13,60,13,60,13,60,13,60,13,60,13,60,13,60,13,60,13,60,13,60,13,60,13,60,13,60,13,60,13,60
13,61,13,60,13,60,13,61,13,61,13,61,13,61,13,60,13,61,13,60,13,61,13,61,13,61,13,60,13,60,13,60,13,61,13,61,13,60
13,62,13,62,13,62,13,62,13,62,13,62,13,62,13,62,13,62,13,62,13,62,13,62,13,62,13,62,13,62,13,62,13,62,13,62,13,62
13,63,13,63,13,63,13,63,13,63,13,63,13,63,13,63,13,63,13,63,13,63,13,63,13,63,13,63,13,63,13,63,13,63,13,63,13,63
13,64,13,63,13,63,13,64,13,64,13,64,13,64,13,63,13,64,13,63,13,64,13,64,13,64,13,63,13,63,13,63,13,64,13,64,13,63
13,65,13,65,13,65,13,65,13,65,13,65,13,65,13,65,13,65,13,65,13,65,13,65,13,65,13,65,13,65,13,65,13,65,13,65,13,65
13,66,13,66,13,66,13,66,13,66,13,66,13,66,13,66,13,66,13,66,13,66,13,66,13,66,13,66,13,66,13,66,13,66,13,66,13,66
13,67,13,67,13,67,13,67,13,67,13,67,13,67,13,67,13,67,13,67,13,67,13,67,13,67,13,67,13,67,13,67,13,67,13,67,13,67
13,68,13,68,13,68,13,68,13,68,13,68,13,68,13,68,13,68,13,68,13,68,13,68,13,68,13,68,13,68,13,68,13,68,13,68,13,68
13,69,13,68,13,68,13,69,13,69,13,69,13,69,13,68,13,69,13,68,13,69,13,69,13,69,13,68,13,68,13,68,13,69,13,69,13,68
13,70,13,70,13,70,13,70,13,70,13,70,13,70,13,70,13,70,13,70,13,70,13,70,13,70,13,70,13,70,13,70,13,70,13,70,13,70
13,71,13,71,13,71,13,71,13,71,13,71,13,71,13,71,13,71,13,71,13,71,13,71,13,71,13,71,13,71,13,71,13,71,13,71,13,71
13,72,13,72,13,72,13,72,13,72,13,72,13,72,13,72,13,72,13,72,13,72,13,72,13,72,13,72,13,72,13,72,13,72,13,72,13,72
14,60,14,60,14,60,14,60,14,60,14,60,14,60,14,60,14,60,14,60,14,60,14,60,14,60,14,60,14,60,14,60,14,60,14,60,14,60
14,61,14,61,14,61,14,61,14,61,14,61,14,61,14,61,14,61,14,61,14,61,14,61,14,61,14,61,14,61,14,61,14,61,14,61,14,61
14,62,14,62,14,62,14,62,14,62,14,62,14,62,14,62,14,62,14,62,14,62,14,62,14,62,14,62,14,62,14,62,14,62,14,62,14,62
14,63,14,63,14,63,14,63,14,63,14,63,14,63,14,63,14,63,14,63,14,63,14,63,14,63,14,63,14,63,14,63,14,63,14,63,14,63
14,64,14,64,14,64,14,64,14,64,14,64,14,64,14,64,14,64,14,64,14,64,14,64,14,64,14,64,14,64,14,64,14,64,14,64,14,64
14,65,14,65,14,65,14,65,14,65,14,65,14,65,14,65,14,65,14,65,14,65,14,65,14,65,14,65,14,65,14,65,14,65,14,65,14,65
14,66,14,66,14,66,14,66,14,66,14,66,14,66,14,66,14,66,14,66,14,66,14,66,14,66,14,66,14,66,14,66,14,66,14,66,14,66
14,67,14,67,14,67,14,67,14,67,14,67,14,67,14,67,14,67,14,67,14,67,14,67,14,67,14,67,14,67,14,67,14,67,14,67,14,67
14,68,14,68,14,68,14,68,14,68,14,68,14,68,14,68,14,68,14,68,14,68,14,68,14,68,14,68,14,68,14,68,14,68,14,68,14,68
14,69,14,69,14,69,14,69,14,69,14,69,14,69,14,69,14,69,14,69,14,69,14,69,14,69,14,69,14,69,14,69,14,69,14,69,14,69
14,70,14,70,14,70,14,70,14,70,14,70,14,70,14,70,14,70,14,70,14,70,14,70,14,70,14,70,14,70,14,70,14,70,14,70,14,70
14,71,14,71,14,71,14,71,14,71,14,71,14,71,14,71,14,71,14,71,14,71,14,71,14,71,14,71,14,71,14,71,14,71,14,71,14,71
14,72,14,72,14,72,14,72,14,72,14,72,14,72,14,72,14,72,14,72,14,72,14,72,14,72,14,72,14,72,14,72,14,72,14,72,14,72
15,60,15,60,15,60,15,60,15,60,15,60,15,60,15,60,15,60,15,60,15,60,14,60,15,60,15,60,15,60,15,60,15,60,15,60,15,60
15,61,15,61,15,61,15,61,15,61,15,61,15,61,15,61,15,61,15,61,15,61,14,61,15,61,15,61,15,61,15,61,15,61,15,61,15,61
15,62,15,62,15,62,15,62,15,62,15,62,15,62,15,62,15,62,15,62,15,62,14,62,15,62,15,62,15,62,15,62,15,62,15,62,15,62
15,63,15,63,15,63,15,63,15,63,15,63,15,63,15,63,15,63,15,63,15,63,14,63,15,63,15,63,15,63,15,63,15,63,15,63,15,63
15,64,15,63,15,63,15,64,15,64,15,64,15,64,15,63,15,64,15,63,15,64,14,64,15,64,15,63,15,63,15,63,15,64,15,64,15,63
15,65,15,65,15,65,15,65,15,65,15,65,15,65,15,65,15,65,15,65,15,65,14,65,15,65,15,65,15,65,15,65,15,65,15,65,15,65
15,66,15,66,15,66,15,66,15,66,15,66,15,66,15,66,15,66,15,66,15,66,14,66,15,66,15,66,15,66,15,66,15,66,15,66,15,66
15,67,15,67,15,67,15,67,15,67,15,67,15,67,15,67,15,67,15,67,15,67,14,67,15,67,15,67,15,67,15,67,15,67,15,67,15,67
15,68,15,68,15,68,15,68,15,68,15,68,15,68,15,68,15,68,15,68,15,68,14,68,15,68,15,68,15,68,15,68,15,68,15,68,15,68
15,69,15,69,15,69,15,69,15,69,15,69,15,69,15,69,15,69,15,69,15,69,14,69,15,69,15,69,15,69,15,69,15,69,15,69,15,69
15,70,15,70,15,70,15,70,15,70,15,70,15,70,15,70,15,70,15,70,15,70,14,70,15,70,15,70,15,70,15,70,15,70,15,70,15,70
15,71,15,70,15,70,15,71,15,71,15,71,15,71,15,70,15,71,15,70,15,71,14,71,15,71,15,70,15,70,15,70,15,71,15,71,15,70
15,72,15,72,15,72,15,72,15,72,15,72,15,72,15,72,15,72,15,72,15,72,14,72,15,72,15,72,15,72,15,72,15,72,15,72,15,72
16,60,16,60,,,,,,,,,16,60,16,60,,,,,,,,,,,,,,,,,,,,,,
16,61,16,62,,,,,,,,,16,61,16,62,,,,,,,,,,,,,,,,,,,,,,
16,62,16,63,,,,,,,,,16,62,16,63,,,,,,,,,,,,,,,,,,,,,,
16,63,16,62,,,,,,,,,16,63,16,62,,,,,,,,,,,,,,,,,,,,,,
16,64,16,63,,,,,,,,,16,64,16,63,,,,,,,,,,,,,,,,,,,,,,
16,65,16,63,,,,,,,,,16,64,16,63,,,,,,,,,,,,,,,,,,,,,,
16,66,16,66,,,,,,,,,16,66,16,66,,,,,,,,,,,,,,,,,,,,,,
16,67,16,67,,,,,,,,,16,67,16,67,,,,,,,,,,,,,,,,,,,,,,
16,68,16,66,,,,,,,,,16,69,16,69,,,,,,,,,,,,,,,,,,,,,,
16,69,16,67,,,,,,,,,16,70,16,70,,,,,,,,,,,,,,,,,,,,,,
16,="-",16,="-",,,,,,,,,16,70,16,70,,,,,,,,,,,,,,,,,,,,,,
16,72,16,72,,,,,,,,,16,71,16,71,,,,,,,,,,,,,,,,,,,,,,
16,72,16,72,,,,,,,,,16,72,16,72,,,,,,,,,,,,,,,,,,,,,,
17,60,17,60,,,,,,,,,17,60,17,60,,,,,,,,,,,,,,,,,,,,,,
17,61,17,61,,,,,,,,,17,61,17,61,,,,,,,,,,,,,,,,,,,,,,
17,62,17,62,,,,,,,,,17,62,17,62,,,,,,,,,,,,,,,,,,,,,,
17,63,17,62,,,,,,,,,17,63,17,62,,,,,,,,,,,,,,,,,,,,,,
17,64,17,63,,,,,,,,,17,64,17,63,,,,,,,,,,,,,,,,,,,,,,
17,65,17,65,,,,,,,,,17,65,17,65,,,,,,,,,,,,,,,,,,,,,,
17,66,17,66,,,,,,,,,17,66,17,66,,,,,,,,,,,,,,,,,,,,,,
17,67,17,67,,,,,,,,,17,67,17,67,,,,,,,,,,,,,,,,,,,,,,
17,68,17,69,,,,,,,,,17,68,17,69,,,,,,,,,,,,,,,,,,,,,,
17,69,17,69,,,,,,,,,17,69,17,69,,,,,,,,,,,,,,,,,,,,,,
17,72,17,72,,,,,,,,,17,70,17,70,,,,,,,,,,,,,,,,,,,,,,
17,72,17,72,,,,,,,,,17,71,17,71,,,,,,,,,,,,,,,,,,,,,,
17,72,17,72,,,,,,,,,17,72,17,72,,,,,,,,,,,,,,,,,,,,,,
18,60,18,60,,,,,,,,,18,58,18,58,,,,,,,,,,,,,,,,,,,,,,
18,61,18,62,,,,,,,,,18,61,18,62,,,,,,,,,,,,,,,,,,,,,,
18,62,18,63,,,,,,,,,18,62,18,63,,,,,,,,,,,,,,,,,,,,,,
18,63,18,62,,,,,,,,,18,63,18,62,,,,,,,,,,,,,,,,,,,,,,
18,64,18,63,,,,,,,,,18,64,18,63,,,,,,,,,,,,,,,,,,,,,,
18,65,18,63,,,,,,,,,18,64,18,63,,,,,,,,,,,,,,,,,,,,,,
18,66,18,66,,,,,,,,,18,66,18,66,,,,,,,,,,,,,,,,,,,,,,
18,67,18,67,,,,,,,,,18,67,18,67,,,,,,,,,,,,,,,,,,,,,,
18,68,18,66,,,,,,,,,18,69,18,69,,,,,,,,,,,,,,,,,,,,,,
18,69,18,67,,,,,,,,,18,70,18,70,,,,,,,,,,,,,,,,,,,,,,
18,70,18,67,,,,,,,,,18,70,18,70,,,,,,,,,,,,,,,,,,,,,,
18,71,18,72,,,,,,,,,18,70,18,70,,,,,,,,,,,,,,,,,,,,,,
18,72,18,72,,,,,,,,,18,70,18,70,,,,,,,,,,,,,,,,,,,,,,
19,60,19,60,,,,,,,,,19,60,19,60,,,,,,,,,,,,,,,,,,,,,,
19,61,19,62,,,,,,,,,19,61,19,62,,,,,,,,,,,,,,,,,,,,,,
19,62,19,63,,,,,,,,,19,62,19,63,,,,,,,,,,,,,,,,,,,,,,
19,63,19,62,,,,,,,,,19,63,19,62,,,,,,,,,,,,,,,,,,,,,,
19,64,19,63,,,,,,,,,19,64,19,63,,,,,,,,,,,,,,,,,,,,,,
19,65,19,63,,,,,,,,,19,64,19,63,,,,,,,,,,,,,,,,,,,,,,
19,66,19,66,,,,,,,,,19,66,19,66,,,,,,,,,,,,,,,,,,,,,,
19,67,19,67,,,,,,,,,19,67,19,67,,,,,,,,,,,,,,,,,,,,,,
19,68,19,66,,,,,,,,,19,69,19,69,,,,,,,,,,,,,,,,,,,,,,
19,69,19,67,,,,,,,,,19,70,19,70,,,,,,,,,,,,,,,,,,,,,,
19,72,19,72,,,,,,,,,19,70,19,70,,,,,,,,,,,,,,,,,,,,,,
19,72,19,72,,,,,,,,,19,71,19,71,,,,,,,,,,,,,,,,,,,,,,
19,72,19,72,,,,,,,,,19,72,19,72,,,,,,,,,,,,,,,,,,,,,,
20,60,20,60,,,,,,,,,20,58,20,58,,,,,,,,,,,,,,,,,,,,,,
20,61,20,61,,,,,,,,,20,61,20,61,,,,,,,,,,,,,,,,,,,,,,
20,62,20,62,,,,,,,,,20,62,20,62,,,,,,,,,,,,,,,,,,,,,,
20,63,20,62,,,,,,,,,20,63,20,62,,,,,,,,,,,,,,,,,,,,,,
20,64,20,63,,,,,,,,,20,64,20,63,,,,,,,,,,,,,,,,,,,,,,
20,65,20,65,,,,,,,,,20,65,20,65,,,,,,,,,,,,,,,,,,,,,,
20,66,20,66,,,,,,,,,20,66,20,66,,,,,,,,,,,,,,,,,,,,,,
20,67,20,67,,,,,,,,,20,67,20,67,,,,,,,,,,,,,,,,,,,,,,
20,68,20,68,,,,,,,,,20,68,20,68,,,,,,,,,,,,,,,,,,,,,,
20,69,20,70,,,,,,,,,20,70,20,70,,,,,,,,,,,,,,,,,,,,,,
20,70,20,70,,,,,,,,,20,72,20,72,,,,,,,,,,,,,,,,,,,,,,
20,71,20,72,,,,,,,,,20,70,20,70,,,,,,,,,,,,,,,,,,,,,,
20,72,20,72,,,,,,,,,20,70,20,70,,,,,,,,,,,,,,,,,,,,,,
21,60,21,60,,,,,,,,,21,60,21,60,,,,,,,,,,,,,,,,,,,,,,
21,61,21,61,,,,,,,,,21,61,21,61,,,,,,,,,,,,,,,,,,,,,,
21,62,21,62,,,,,,,,,21,62,21,62,,,,,,,,,,,,,,,,,,,,,,
21,63,21,62,,,,,,,,,21,63,21,62,,,,,,,,,,,,,,,,,,,,,,
21,64,21,63,,,,,,,,,21,64,21,63,,,,,,,,,,,,,,,,,,,,,,
21,65,21,65,,,,,,,,,21,65,21,65,,,,,,,,,,,,,,,,,,,,,,
21,66,21,66,,,,,,,,,21,66,21,66,,,,,,,,,,,,,,,,,,,,,,
21,67,21,67,,,,,,,,,21,67,21,67,,,,,,,,,,,,,,,,,,,,,,
21,68,21,68,,,,,,,,,21,68,21,68,,,,,,,,,,,,,,,,,,,,,,
21,69,21,70,,,,,,,,,21,70,21,70,,,,,,,,,,,,,,,,,,,,,,
21,72,21,72,,,,,,,,,21,70,21,70,,,,,,,,,,,,,,,,,,,,,,
21,71,21,72,,,,,,,,,21,71,21,71,,,,,,,,,,,,,,,,,,,,,,
21,72,21,72,,,,,,,,,21,72,21,72,,,,,,,,,,,,,,,,,,,,,,
22,60,22,60,,,,,,,,,22,60,22,60,,,,,,,,,,,,,,,,,,,,,,
22,61,22,61,,,,,,,,,22,61,22,61,,,,,,,,,,,,,,,,,,,,,,
22,62,22,62,,,,,,,,,22,62,22,62,,,,,,,,,,,,,,,,,,,,,,
22,63,22,62,,,,,,,,,22,63,22,62,,,,,,,,,,,,,,,,,,,,,,
22,64,22,63,,,,,,,,,22,64,22,63,,,,,,,,,,,,,,,,,,,,,,
22,65,22,65,,,,,,,,,22,65,22,65,,,,,,,,,,,,,,,,,,,,,,
22,66,22,66,,,,,,,,,22,66,22,66,,,,,,,,,,,,,,,,,,,,,,
22,67,22,67,,,,,,,,,22,67,22,67,,,,,,,,,,,,,,,,,,,,,,
22,68,22,68,,,,,,,,,22,68,22,68,,,,,,,,,,,,,,,,,,,,,,
22,69,22,70,,,,,,,,,22,70,22,70,,,,,,,,,,,,,,,,,,,,,,
22,72,22,72,,,,,,,,,22,70,22,70,,,,,,,,,,,,,,,,,,,,,,
22,71,22,72,,,,,,,,,22,71,22,71,,,,,,,,,,,,,,,,,,,,,,
22,72,22,72,,,,,,,,,22,72,22,72,,,,,,,,,,,,,,,,,,,,,,
23,60,23,60,,,,,,,,,23,60,23,60,,,,,,,,,,,,,,,,,,,,,,
23,61,23,61,,,,,,,,,23,61,23,61,,,,,,,,,,,,,,,,,,,,,,
23,62,23,62,,,,,,,,,23,62,23,62,,,,,,,,,,,,,,,,,,,,,,
23,63,23,63,,,,,,,,,23,63,23,63,,,,,,,,,,,,,,,,,,,,,,
23,64,23,63,,,,,,,,,23,64,23,63,,,,,,,,,,,,,,,,,,,,,,
23,65,23,65,,,,,,,,,23,65,23,65,,,,,,,,,,,,,,,,,,,,,,
23,66,23,66,,,,,,,,,23,66,23,66,,,,,,,,,,,,,,,,,,,,,,
23,67,23,67,,,,,,,,,23,67,23,67,,,,,,,,,,,,,,,,,,,,,,
23,68,23,68,,,,,,,,,23,68,23,68,,,,,,,,,,,,,,,,,,,,,,
23,69,23,70,,,,,,,,,23,69,23,68,,,,,,,,,,,,,,,,,,,,,,
23,70,23,70,,,,,,,,,23,70,23,70,,,,,,,,,,,,,,,,,,,,,,
23,71,23,71,,,,,,,,,23,70,23,70,,,,,,,,,,,,,,,,,,,,,,
23,72,23,72,,,,,,,,,23,72,23,72,,,,,,,,,,,,,,,,,,,,,,
24,60,24,60,,,,,,,,,24,60,24,60,,,,,,,,,,,,,,,,,,,,,,
24,61,24,61,,,,,,,,,24,61,24,61,,,,,,,,,,,,,,,,,,,,,,
24,62,24,62,,,,,,,,,24,62,24,62,,,,,,,,,,,,,,,,,,,,,,
24,64,24,63,,,,,,,,,24,64,24,63,,,,,,,,,,,,,,,,,,,,,,
24,63,24,64,,,,,,,,,24,63,24,64,,,,,,,,,,,,,,,,,,,,,,
24,65,24,65,,,,,,,,,24,65,24,65,,,,,,,,,,,,,,,,,,,,,,
24,66,24,66,,,,,,,,,24,66,24,66,,,,,,,,,,,,,,,,,,,,,,
24,67,24,67,,,,,,,,,24,67,24,67,,,,,,,,,,,,,,,,,,,,,,
24,68,24,68,,,,,,,,,24,68,24,68,,,,,,,,,,,,,,,,,,,,,,
24,69,24,69,,,,,,,,,24,69,24,69,,,,,,,,,,,,,,,,,,,,,,
24,70,24,70,,,,,,,,,24,70,24,70,,,,,,,,,,,,,,,,,,,,,,
24,71,24,71,,,,,,,,,24,71,24,71,,,,,,,,,,,,,,,,,,,,,,
24,72,24,72,,,,,,,,,24,72,24,72,,,,,,,,,,,,,,,,,,,,,,
25,60,25,60,,,,,,,,,25,60,25,60,,,,,,,,,,,,,,,,,,,,,,
25,61,25,61,,,,,,,,,25,61,25,61,,,,,,,,,,,,,,,,,,,,,,
25,62,25,62,,,,,,,,,25,62,25,62,,,,,,,,,,,,,,,,,,,,,,
25,64,25,63,,,,,,,,,25,64,25,63,,,,,,,,,,,,,,,,,,,,,,
25,63,25,64,,,,,,,,,25,63,25,64,,,,,,,,,,,,,,,,,,,,,,
25,65,25,65,,,,,,,,,25,65,25,65,,,,,,,,,,,,,,,,,,,,,,
25,66,25,66,,,,,,,,,25,66,25,66,,,,,,,,,,,,,,,,,,,,,,
25,67,25,67,,,,,,,,,25,67,25,67,,,,,,,,,,,,,,,,,,,,,,
25,68,25,68,,,,,,,,,25,68,25,68,,,,,,,,,,,,,,,,,,,,,,
25,69,25,69,,,,,,,,,25,69,25,68,,,,,,,,,,,,,,,,,,,,,,
25,70,25,70,,,,,,,,,25,70,25,70,,,,,,,,,,,,,,,,,,,,,,
25,71,25,71,,,,,,,,,25,71,25,70,,,,,,,,,,,,,,,,,,,,,,
25,72,25,72,,,,,,,,,25,72,25,72,,,,,,,,,,,,,,,,,,,,,,
26,60,26,60,,,,,,,,,26,58,26,58,,,,,,,,,,,,,,,,,,,,,,
26,61,26,61,,,,,,,,,26,61,26,61,,,,,,,,,,,,,,,,,,,,,,
26,62,26,62,,,,,,,,,26,62,26,62,,,,,,,,,,,,,,,,,,,,,,
26,64,26,63,,,,,,,,,26,64,26,63,,,,,,,,,,,,,,,,,,,,,,
26,63,26,64,,,,,,,,,26,63,26,64,,,,,,,,,,,,,,,,,,,,,,
26,65,26,65,,,,,,,,,26,65,26,65,,,,,,,,,,,,,,,,,,,,,,
26,66,26,66,,,,,,,,,26,66,26,66,,,,,,,,,,,,,,,,,,,,,,
26,67,26,67,,,,,,,,,26,67,26,67,,,,,,,,,,,,,,,,,,,,,,
26,68,26,68,,,,,,,,,26,68,26,68,,,,,,,,,,,,,,,,,,,,,,
26,69,26,69,,,,,,,,,26,69,26,68,,,,,,,,,,,,,,,,,,,,,,
26,70,26,70,,,,,,,,,26,70,26,70,,,,,,,,,,,,,,,,,,,,,,
26,71,26,71,,,,,,,,,26,71,26,70,,,,,,,,,,,,,,,,,,,,,,
26,72,26,72,,,,,,,,,26,70,26,70,,,,,,,,,,,,,,,,,,,,,,
27,60,27,60,,,,,,,,,27,60,27,60,,,,,,,,,,,,,,,,,,,,,,
27,61,27,61,,,,,,,,,27,61,27,61,,,,,,,,,,,,,,,,,,,,,,
27,62,27,62,,,,,,,,,27,62,27,62,,,,,,,,,,,,,,,,,,,,,,
27,64,27,63,,,,,,,,,27,64,27,63,,,,,,,,,,,,,,,,,,,,,,
27,63,27,64,,,,,,,,,27,63,27,64,,,,,,,,,,,,,,,,,,,,,,
27,65,27,65,,,,,,,,,27,65,27,65,,,,,,,,,,,,,,,,,,,,,,
27,66,27,66,,,,,,,,,27,66,27,66,,,,,,,,,,,,,,,,,,,,,,
27,67,27,67,,,,,,,,,27,67,27,67,,,,,,,,,,,,,,,,,,,,,,
27,68,27,68,,,,,,,,,27,68,27,68,,,,,,,,,,,,,,,,,,,,,,
27,69,27,69,,,,,,,,,27,69,27,68,,,,,,,,,,,,,,,,,,,,,,
27,72,27,72,,,,,,,,,27,70,27,70,,,,,,,,,,,,,,,,,,,,,,
27,71,27,72,,,,,,,,,27,71,27,71,,,,,,,,,,,,,,,,,,,,,,
27,72,27,72,,,,,,,,,27,72,27,72,,,,,,,,,,,,,,,,,,,,,,
28,60,28,60,,,,,,,,,28,58,28,58,,,,,,,,,,,,,,,,,,,,,,
28,61,28,62,,,,,,,,,28,61,28,62,,,,,,,,,,,,,,,,,,,,,,
28,62,28,63,,,,,,,,,28,62,28,63,,,,,,,,,,,,,,,,,,,,,,
28,63,28,62,,,,,,,,,28,63,28,62,,,,,,,,,,,,,,,,,,,,,,
28,64,28,63,,,,,,,,,28,64,28,63,,,,,,,,,,,,,,,,,,,,,,
28,65,28,63,,,,,,,,,28,64,28,63,,,,,,,,,,,,,,,,,,,,,,
28,66,28,66,,,,,,,,,28,66,28,66,,,,,,,,,,,,,,,,,,,,,,
28,67,28,67,,,,,,,,,28,67,28,67,,,,,,,,,,,,,,,,,,,,,,
28,68,28,66,,,,,,,,,28,69,28,69,,,,,,,,,,,,,,,,,,,,,,
28,69,28,67,,,,,,,,,28,70,28,70,,,,,,,,,,,,,,,,,,,,,,
28,70,28,67,,,,,,,,,28,70,28,70,,,,,,,,,,,,,,,,,,,,,,
28,71,28,72,,,,,,,,,28,70,28,70,,,,,,,,,,,,,,,,,,,,,,
28,72,28,72,,,,,,,,,28,70,28,70,,,,,,,,,,,,,,,,,,,,,,
29,60,29,60,,,,,,,,,29,60,29,60,,,,,,,,,,,,,,,,,,,,,,
29,61,29,62,,,,,,,,,29,61,29,62,,,,,,,,,,,,,,,,,,,,,,
29,62,29,63,,,,,,,,,29,62,29,63,,,,,,,,,,,,,,,,,,,,,,
29,63,29,62,,,,,,,,,29,63,29,62,,,,,,,,,,,,,,,,,,,,,,
29,64,29,63,,,,,,,,,29,64,29,63,,,,,,,,,,,,,,,,,,,,,,
29,65,29,63,,,,,,,,,29,64,29,63,,,,,,,,,,,,,,,,,,,,,,
29,66,29,66,,,,,,,,,29,66,29,66,,,,,,,,,,,,,,,,,,,,,,
29,67,29,67,,,,,,,,,29,70,29,70,,,,,,,,,,,,,,,,,,,,,,
29,68,29,66,,,,,,,,,29,69,29,69,,,,,,,,,,,,,,,,,,,,,,
29,69,29,67,,,,,,,,,29,70,29,70,,,,,,,,,,,,,,,,,,,,,,
29,70,29,67,,,,,,,,,29,70,29,70,,,,,,,,,,,,,,,,,,,,,,
29,71,29,72,,,,,,,,,29,70,29,70,,,,,,,,,,,,,,,,,,,,,,
29,72,29,72,,,,,,,,,29,72,29,72,,,,,,,,,,,,,,,,,,,,,,
30,60,30,60,,,,,,,,,30,60,30,60,,,,,,,,,,,,,,,,,,,,,,
30,61,30,62,,,,,,,,,30,61,30,62,,,,,,,,,,,,,,,,,,,,,,
30,62,30,63,,,,,,,,,30,62,30,63,,,,,,,,,,,,,,,,,,,,,,
30,63,30,62,,,,,,,,,30,63,30,62,,,,,,,,,,,,,,,,,,,,,,
30,64,30,63,,,,,,,,,30,64,30,63,,,,,,,,,,,,,,,,,,,,,,
30,65,30,63,,,,,,,,,30,64,30,63,,,,,,,,,,,,,,,,,,,,,,
30,66,30,66,,,,,,,,,30,66,30,66,,,,,,,,,,,,,,,,,,,,,,
30,67,30,67,,,,,,,,,30,67,30,67,,,,,,,,,,,,,,,,,,,,,,
30,68,30,66,,,,,,,,,30,69,30,69,,,,,,,,,,,,,,,,,,,,,,
30,69,30,67,,,,,,,,,30,70,30,70,,,,,,,,,,,,,,,,,,,,,,
30,72,30,72,,,,,,,,,30,70,30,70,,,,,,,,,,,,,,,,,,,,,,
30,72,30,72,,,,,,,,,30,71,30,71,,,,,,,,,,,,,,,,,,,,,,
30,72,30,72,,,,,,,,,30,72,30,72,,,,,,,,,,,,,,,,,,,,,,
31,60,31,60,,,,,,,,,31,58,31,58,,,,,,,,,,,,,,,,,,,,,,
31,61,31,62,,,,,,,,,31,61,31,62,,,,,,,,,,,,,,,,,,,,,,
31,62,31,63,,,,,,,,,31,62,31,63,,,,,,,,,,,,,,,,,,,,,,
31,63,31,62,,,,,,,,,31,63,31,62,,,,,,,,,,,,,,,,,,,,,,
31,64,31,63,,,,,,,,,31,64,31,63,,,,,,,,,,,,,,,,,,,,,,
31,65,31,63,,,,,,,,,31,64,31,63,,,,,,,,,,,,,,,,,,,,,,
31,66,31,66,,,,,,,,,31,66,31,66,,,,,,,,,,,,,,,,,,,,,,
31,67,31,67,,,,,,,,,31,67,31,67,,,,,,,,,,,,,,,,,,,,,,
31,68,31,66,,,,,,,,,31,69,31,69,,,,,,,,,,,,,,,,,,,,,,
31,69,31,67,,,,,,,,,31,70,31,70,,,,,,,,,,,,,,,,,,,,,,
31,70,31,67,,,,,,,,,31,70,31,70,,,,,,,,,,,,,,,,,,,,,,
31,71,31,72,,,,,,,,,31,70,31,70,,,,,,,,,,,,,,,,,,,,,,
31,72,31,72,,,,,,,,,31,70,31,70,,,,,,,,,,,,,,,,,,,,,,
32,60,32,60,,,,,,,,,32,60,32,60,,,,,,,,,,,,,,,,,,,,,,
32,61,32,62,,,,,,,,,32,61,32,62,,,,,,,,,,,,,,,,,,,,,,
32,62,32,63,,,,,,,,,32,62,32,63,,,,,,,,,,,,,,,,,,,,,,
32,63,32,62,,,,,,,,,32,63,32,62,,,,,,,,,,,,,,,,,,,,,,
32,64,32,63,,,,,,,,,32,64,32,63,,,,,,,,,,,,,,,,,,,,,,
32,65,32,63,,,,,,,,,32,64,32,63,,,,,,,,,,,,,,,,,,,,,,
32,66,32,66,,,,,,,,,32,66,32,66,,,,,,,,,,,,,,,,,,,,,,
32,67,32,67,,,,,,,,,32,67,32,67,,,,,,,,,,,,,,,,,,,,,,
32,68,32,66,,,,,,,,,32,69,32,69,,,,,,,,,,,,,,,,,,,,,,
32,69,32,67,,,,,,,,,32,70,32,70,,,,,,,,,,,,,,,,,,,,,,
32,72,32,72,,,,,,,,,32,70,32,70,,,,,,,,,,,,,,,,,,,,,,
32,72,32,72,,,,,,,,,32,71,32,71,,,,,,,,,,,,,,,,,,,,,,
32,72,32,72,,,,,,,,,32,72,32,72,,,,,,,,,,,,,,,,,,,,,,
33,60,33,60,,,,,,,,,33,58,33,58,,,,,,,,,,,,,,,,,,,,,,
33,61,33,62,,,,,,,,,33,61,33,62,,,,,,,,,,,,,,,,,,,,,,
33,62,33,63,,,,,,,,,33,62,33,63,,,,,,,,,,,,,,,,,,,,,,
33,63,33,62,,,,,,,,,33,63,33,62,,,,,,,,,,,,,,,,,,,,,,
33,64,33,63,,,,,,,,,33,64,33,63,,,,,,,,,,,,,,,,,,,,,,
33,65,33,63,,,,,,,,,33,64,33,63,,,,,,,,,,,,,,,,,,,,,,
33,66,33,66,,,,,,,,,33,66,33,66,,,,,,,,,,,,,,,,,,,,,,
33,67,33,67,,,,,,,,,33,67,33,67,,,,,,,,,,,,,,,,,,,,,,
33,68,33,66,,,,,,,,,33,69,33,69,,,,,,,,,,,,,,,,,,,,,,
33,69,33,67,,,,,,,,,33,70,33,70,,,,,,,,,,,,,,,,,,,,,,
33,70,33,67,,,,,,,,,33,70,33,70,,,,,,,,,,,,,,,,,,,,,,
33,71,33,72,,,,,,,,,33,70,33,70,,,,,,,,,,,,,,,,,,,,,,
33,72,33,72,,,,,,,,,33,70,33,70,,,,,,,,,,,,,,,,,,,,,,
34,60,34,60,,,,,,,,,34,58,34,58,,,,,,,,,,,,,,,,,,,,,,
34,61,34,62,,,,,,,,,34,61,34,62,,,,,,,,,,,,,,,,,,,,,,
34,62,34,63,,,,,,,,,34,62,34,63,,,,,,,,,,,,,,,,,,,,,,
34,63,34,62,,,,,,,,,34,63,34,62,,,,,,,,,,,,,,,,,,,,,,
34,64,34,63,,,,,,,,,34,64,34,63,,,,,,,,,,,,,,,,,,,,,,
34,65,34,63,,,,,,,,,34,64,34,63,,,,,,,,,,,,,,,,,,,,,,
34,66,34,66,,,,,,,,,34,66,34,66,,,,,,,,,,,,,,,,,,,,,,
34,67,34,67,,,,,,,,,34,67,34,67,,,,,,,,,,,,,,,,,,,,,,
34,68,34,66,,,,,,,,,34,69,34,69,,,,,,,,,,,,,,,,,,,,,,
34,69,34,67,,,,,,,,,34,70,34,70,,,,,,,,,,,,,,,,,,,,,,
34,70,34,67,,,,,,,,,34,70,34,70,,,,,,,,,,,,,,,,,,,,,,
34,71,34,72,,,,,,,,,34,70,34,70,,,,,,,,,,,,,,,,,,,,,,
34,72,34,72,,,,,,,,,34,70,34,70,,,,,,,,,,,,,,,,,,,,,,
35,60,35,60,,,,,,,,,35,58,35,58,,,,,,,,,,,,,,,,,,,,,,
35,61,35,62,,,,,,,,,35,61,35,62,,,,,,,,,,,,,,,,,,,,,,
35,62,35,63,,,,,,,,,35,62,35,63,,,,,,,,,,,,,,,,,,,,,,
35,63,35,62,,,,,,,,,35,63,35,62,,,,,,,,,,,,,,,,,,,,,,
35,64,35,63,,,,,,,,,35,64,35,63,,,,,,,,,,,,,,,,,,,,,,
35,65,35,63,,,,,,,,,35,64,35,63,,,,,,,,,,,,,,,,,,,,,,
35,66,35,66,,,,,,,,,35,66,35,66,,,,,,,,,,,,,,,,,,,,,,
35,67,35,67,,,,,,,,,35,67,35,67,,,,,,,,,,,,,,,,,,,,,,
35,68,35,66,,,,,,,,,35,69,35,69,,,,,,,,,,,,,,,,,,,,,,
35,69,35,67,,,,,,,,,35,70,35,70,,,,,,,,,,,,,,,,,,,,,,
35,70,35,67,,,,,,,,,35,70,35,70,,,,,,,,,,,,,,,,,,,,,,
35,71,35,72,,,,,,,,,35,70,35,70,,,,,,,,,,,,,,,,,,,,,,
35,72,35,72,,,,,,,,,35,70,35,70,,,,,,,,,,,,,,,,,,,,,,
36,60,36,60,,,,,,,,,36,58,36,58,,,,,,,,,,,,,,,,,,,,,,
36,61,36,62,,,,,,,,,36,61,36,62,,,,,,,,,,,,,,,,,,,,,,
36,62,36,63,,,,,,,,,36,62,36,63,,,,,,,,,,,,,,,,,,,,,,
36,63,36,62,,,,,,,,,36,63,36,62,,,,,,,,,,,,,,,,,,,,,,
36,64,36,63,,,,,,,,,36,64,36,63,,,,,,,,,,,,,,,,,,,,,,
36,65,36,63,,,,,,,,,36,64,36,63,,,,,,,,,,,,,,,,,,,,,,
36,66,36,66,,,,,,,,,36,66,36,66,,,,,,,,,,,,,,,,,,,,,,
36,67,36,67,,,,,,,,,36,67,36,67,,,,,,,,,,,,,,,,,,,,,,
36,68,36,66,,,,,,,,,36,69,36,69,,,,,,,,,,,,,,,,,,,,,,
36,69,36,67,,,,,,,,,36,70,36,70,,,,,,,,,,,,,,,,,,,,,,
36,70,36,67,,,,,,,,,36,70,36,70,,,,,,,,,,,,,,,,,,,,,,
36,71,36,72,,,,,,,,,36,70,36,70,,,,,,,,,,,,,,,,,,,,,,
36,72,36,72,,,,,,,,,36,70,36,70,,,,,,,,,,,,,,,,,,,,,,
37,60,37,60,,,,,,,,,37,58,37,58,,,,,,,,,,,,,,,,,,,,,,
37,61,37,62,,,,,,,,,37,61,37,62,,,,,,,,,,,,,,,,,,,,,,
37,62,37,63,,,,,,,,,37,62,37,63,,,,,,,,,,,,,,,,,,,,,,
37,63,37,62,,,,,,,,,37,63,37,62,,,,,,,,,,,,,,,,,,,,,,
37,64,37,63,,,,,,,,,37,64,37,63,,,,,,,,,,,,,,,,,,,,,,
37,65,37,63,,,,,,,,,37,64,37,63,,,,,,,,,,,,,,,,,,,,,,
37,66,37,66,,,,,,,,,37,66,37,66,,,,,,,,,,,,,,,,,,,,,,
37,67,37,67,,,,,,,,,37,67,37,67,,,,,,,,,,,,,,,,,,,,,,
37,68,37,66,,,,,,,,,37,69,37,69,,,,,,,,,,,,,,,,,,,,,,
37,69,37,67,,,,,,,,,37,70,37,70,,,,,,,,,,,,,,,,,,,,,,
37,70,37,67,,,,,,,,,37,70,37,70,,,,,,,,,,,,,,,,,,,,,,
37,71,37,72,,,,,,,,,37,70,37,70,,,,,,,,,,,,,,,,,,,,,,
37,72,37,72,,,,,,,,,37,70,37,70,,,,,,,,,,,,,,,,,,,,,,
38,60,38,60,,,,,,,,,38,58,38,58,,,,,,,,,,,,,,,,,,,,,,
38,61,38,62,,,,,,,,,38,61,38,62,,,,,,,,,,,,,,,,,,,,,,
38,62,38,63,,,,,,,,,38,62,38,63,,,,,,,,,,,,,,,,,,,,,,
38,63,38,62,,,,,,,,,38,63,38,62,,,,,,,,,,,,,,,,,,,,,,
38,64,38,63,,,,,,,,,38,64,38,63,,,,,,,,,,,,,,,,,,,,,,
38,65,38,63,,,,,,,,,38,64,38,63,,,,,,,,,,,,,,,,,,,,,,
38,66,38,66,,,,,,,,,38,66,38,66,,,,,,,,,,,,,,,,,,,,,,
38,67,38,67,,,,,,,,,38,67,38,67,,,,,,,,,,,,,,,,,,,,,,
38,68,38,66,,,,,,,,,38,69,38,69,,,,,,,,,,,,,,,,,,,,,,
38,69,38,67,,,,,,,,,38,70,38,70,,,,,,,,,,,,,,,,,,,,,,
38,70,38,67,,,,,,,,,38,70,38,70,,,,,,,,,,,,,,,,,,,,,,
38,71,38,72,,,,,,,,,38,70,38,70,,,,,,,,,,,,,,,,,,,,,,
38,72,38,72,,,,,,,,,38,70,38,70,,,,,,,,,,,,,,,,,,,,,,
39,60,39,60,,,,,,,,,39,58,39,58,,,,,,,,,,,,,,,,,,,,,,
39,61,39,62,,,,,,,,,39,61,39,62,,,,,,,,,,,,,,,,,,,,,,
39,62,39,63,,,,,,,,,39,62,39,63,,,,,,,,,,,,,,,,,,,,,,
39,63,39,62,,,,,,,,,39,63,39,62,,,,,,,,,,,,,,,,,,,,,,
39,64,39,63,,,,,,,,,39,64,39,63,,,,,,,,,,,,,,,,,,,,,,
39,65,39,63,,,,,,,,,39,64,39,63,,,,,,,,,,,,,,,,,,,,,,
39,66,39,66,,,,,,,,,39,66,39,66,,,,,,,,,,,,,,,,,,,,,,
39,67,39,67,,,,,,,,,39,67,39,67,,,,,,,,,,,,,,,,,,,,,,
39,68,39,66,,,,,,,,,39,69,39,69,,,,,,,,,,,,,,,,,,,,,,
39,69,39,67,,,,,,,,,39,70,39,70,,,,,,,,,,,,,,,,,,,,,,
39,70,39,67,,,,,,,,,39,70,39,70,,,,,,,,,,,,,,,,,,,,,,
39,71,39,72,,,,,,,,,39,70,39,70,,,,,,,,,,,,,,,,,,,,,,
39,72,39,72,,,,,,,,,39,70,39,70,,,,,,,,,,,,,,,,,,,,,,
40,60,40,60,,,,,,,,,40,58,40,58,,,,,,,,,,,,,,,,,,,,,,
40,61,40,62,,,,,,,,,40,61,40,62,,,,,,,,,,,,,,,,,,,,,,
40,62,40,63,,,,,,,,,40,62,40,63,,,,,,,,,,,,,,,,,,,,,,
40,63,40,62,,,,,,,,,40,63,40,62,,,,,,,,,,,,,,,,,,,,,,
40,64,40,63,,,,,,,,,40,64,40,63,,,,,,,,,,,,,,,,,,,,,,
40,65,40,63,,,,,,,,,40,64,40,63,,,,,,,,,,,,,,,,,,,,,,
40,66,40,66,,,,,,,,,40,66,40,66,,,,,,,,,,,,,,,,,,,,,,
40,67,40,67,,,,,,,,,40,67,40,67,,,,,,,,,,,,,,,,,,,,,,
40,68,40,66,,,,,,,,,40,69,40,69,,,,,,,,,,,,,,,,,,,,,,
40,69,40,67,,,,,,,,,40,70,40,70,,,,,,,,,,,,,,,,,,,,,,
40,70,40,67,,,,,,,,,40,70,40,70,,,,,,,,,,,,,,,,,,,,,,
40,71,40,72,,,,,,,,,40,70,40,70,,,,,,,,,,,,,,,,,,,,,,
40,72,40,72,,,,,,,,,40,70,40,70,,,,,,,,,,,,,,,,,,,,,,
